,modelname,method,cause,effect,tol,num_runs_param,max_iter_param,seed,tlearn,tinfer,remove_outliers,datasize,pns_low_exact,pns_upp_exact,pns_low,pns_upp,rrmse,rmse,nruns
0,random_mc2_n5_mid3_d1000_05_mr098_r10_113,EMCC,V3,V1,,100,50,1,10734.462022781372,187.16812133789062,False,1000,0.3215531011,0.5646456533000002,0.3365847032565935,0.4268682206682409,1.0854855558993803,0.13859498550089414,5
1,random_mc2_n5_mid3_d1000_05_mr098_r10_113,EMCC,V3,V1,,100,50,1,21338.88006210327,349.0931987762451,False,1000,0.3215531011,0.5646456533000002,0.3365847032565935,0.4268682206682409,1.0854855558993803,0.13859498550089414,10
2,random_mc2_n5_mid3_d1000_05_mr098_r10_113,EMCC,V3,V1,,100,50,1,31569.30160522461,605.391263961792,False,1000,0.3215531011,0.5646456533000002,0.3365847032565935,0.45917298713096943,0.6145287979368946,0.10653840796725801,15
3,random_mc2_n5_mid3_d1000_05_mr098_r10_113,EMCC,V3,V1,,100,50,1,41832.36837387085,654.4930934906006,False,1000,0.3215531011,0.5646456533000002,0.3365847032565935,0.45917298713096943,0.6145287979368946,0.10653840796725801,20
4,random_mc2_n5_mid3_d1000_05_mr098_r10_113,EMCC,V3,V1,,100,50,1,52129.474401474,842.1173095703125,False,1000,0.3215531011,0.5646456533000002,0.3365847032565935,0.45917298713096943,0.6145287979368946,0.10653840796725801,25
5,random_mc2_n5_mid3_d1000_05_mr098_r10_113,EMCC,V3,V1,,100,50,1,62676.01943016052,1049.7345924377441,False,1000,0.3215531011,0.5646456533000002,0.3274357886069606,0.45917298713096943,0.5670103095452231,0.10563659082490474,30
6,random_mc2_n5_mid3_d1000_05_mr098_r10_113,EMCC,V3,V1,,100,50,1,73123.60978126526,1190.5851364135742,False,1000,0.3215531011,0.5646456533000002,0.3274357886069606,0.45917298713096943,0.5670103095452231,0.10563659082490474,35
7,random_mc2_n5_mid3_d1000_05_mr098_r10_113,EMCC,V3,V1,,100,50,1,82986.68909072876,886.5752220153809,False,1000,0.3215531011,0.5646456533000002,0.3274357886069606,0.45917298713096943,0.5670103095452231,0.10563659082490474,40
