,modelname,method,cause,effect,tol,num_runs_param,max_iter_param,seed,tlearn,tinfer,remove_outliers,datasize,pns_low_exact,pns_upp_exact,pns_low,pns_upp,rrmse,rmse,nruns
0,random_mc2_n5_mid3_d1000_05_mr098_r10_104,EMCC,V3,V4,,100,25,1,12763.893604278564,242.20967292785645,True,1000,0.12079,0.5248300000000001,0.26257355254309467,0.3108342660432908,3.7611725816645785,0.25670362273137326,5
1,random_mc2_n5_mid3_d1000_05_mr098_r10_104,EMCC,V3,V4,,100,25,1,25723.142623901367,451.51638984680176,True,1000,0.12079,0.5248300000000001,0.158487765610033,0.4262466513697403,0.2787274689201712,0.10554524223831377,10
