,modelname,method,cause,effect,tol,num_runs_param,max_iter_param,seed,tlearn,tinfer,remove_outliers,datasize,pns_low_exact,pns_upp_exact,pns_low,pns_upp,rrmse,rmse,nruns
0,random_mc2_n5_mid3_d1000_05_mr098_r10_113,EMCC,V3,V1,,100,100,1,18874.87769126892,187.64257431030273,False,1000,0.3215531011,0.5646456533000002,0.3365850850328338,0.42686290163471335,1.085595841727521,0.13860031456463245,5
1,random_mc2_n5_mid3_d1000_05_mr098_r10_113,EMCC,V3,V1,,100,100,1,37312.45803833008,330.7504653930664,False,1000,0.3215531011,0.5646456533000002,0.3365850850328338,0.42686290163471335,1.085595841727521,0.13860031456463245,10
2,random_mc2_n5_mid3_d1000_05_mr098_r10_113,EMCC,V3,V1,,100,100,1,55715.296030044556,501.2397766113281,False,1000,0.3215531011,0.5646456533000002,0.3365850850328338,0.45921248018013605,0.6141076583652273,0.1064993640125621,15
3,random_mc2_n5_mid3_d1000_05_mr098_r10_113,EMCC,V3,V1,,100,100,1,74264.02163505554,824.9866962432861,False,1000,0.3215531011,0.5646456533000002,0.3365850850328338,0.45921248018013605,0.6141076583652273,0.1064993640125621,20
4,random_mc2_n5_mid3_d1000_05_mr098_r10_113,EMCC,V3,V1,,100,100,1,90014.4898891449,590.7793045043945,False,1000,0.3215531011,0.5646456533000002,0.3365850850328338,0.45921248018013605,0.6141076583652273,0.1064993640125621,25
