,modelname,method,cause,effect,tol,num_runs_param,max_iter_param,seed,tlearn,tinfer,datasize,pns_low_exact,pns_upp_exact,pns_low,pns_upp,rrmse,rmse,nruns
0,random_mc2_n5_mid3_d1000_05_mr098_r10_8,GDCC,V2,V4,1e-07,100,100,1,773.0991840362549,62.114715576171875,1000,0.1708037925,0.4919019990000001,0.2627086804383024,0.3070530747765789,3.291779584964606,0.20643554251511062,5
1,random_mc2_n5_mid3_d1000_05_mr098_r10_8,GDCC,V2,V4,1e-07,100,100,1,1589.4050598144531,129.90808486938477,1000,0.1708037925,0.4919019990000001,0.0033502047345397943,0.4850381811828067,0.24602440059757805,0.1675942005277996,10
