,modelname,method,cause,effect,tol,num_runs_param,max_iter_param,seed,tlearn,tinfer,remove_outliers,datasize,pns_low_exact,pns_upp_exact,pns_low,pns_upp,rrmse,rmse,nruns
0,random_mc2_n5_mid3_d1000_05_mr098_r10_113,EMCC,V3,V1,,100,100,1,19359.48896408081,171.47088050842285,True,1000,0.3215531011,0.5646456533000002,0.3365850850328338,0.42686290163471335,1.085595841727521,0.13860031456463245,5
1,random_mc2_n5_mid3_d1000_05_mr098_r10_113,EMCC,V3,V1,,100,100,1,37952.13794708252,317.02160835266113,True,1000,0.3215531011,0.5646456533000002,0.3365850850328338,0.42686290163471335,1.085595841727521,0.13860031456463245,10
2,random_mc2_n5_mid3_d1000_05_mr098_r10_113,EMCC,V3,V1,,100,100,1,56274.218797683716,490.445613861084,True,1000,0.3215531011,0.5646456533000002,0.3365850850328338,0.459212480180136,0.614107658365228,0.10649936401256216,15
3,random_mc2_n5_mid3_d1000_05_mr098_r10_113,EMCC,V3,V1,,100,100,1,74570.73831558228,765.5611038208008,True,1000,0.3215531011,0.5646456533000002,0.3365850850328338,0.459212480180136,0.614107658365228,0.10649936401256216,20
