,modelname,method,cause,effect,tol,num_runs_param,max_iter_param,seed,tlearn,tinfer,remove_outliers,datasize,pns_low_exact,pns_upp_exact,pns_low,pns_upp,rrmse,rmse,nruns
0,random_mc2_n5_mid3_d1000_05_mr098_r10_113,EMCC,V3,V1,,100,50,1,10734.520196914673,172.01471328735352,True,1000,0.3215531011,0.5646456533000002,0.3365847032565935,0.4268682206682409,1.0854855558993803,0.13859498550089414,5
1,random_mc2_n5_mid3_d1000_05_mr098_r10_113,EMCC,V3,V1,,100,50,1,21390.83695411682,329.1773796081543,True,1000,0.3215531011,0.5646456533000002,0.3365847032565935,0.4268682206682409,1.0854855558993803,0.13859498550089414,10
2,random_mc2_n5_mid3_d1000_05_mr098_r10_113,EMCC,V3,V1,,100,50,1,31529.923677444458,468.8239097595215,True,1000,0.3215531011,0.5646456533000002,0.3365847032565935,0.45917298713096943,0.6145287979368946,0.10653840796725801,15
3,random_mc2_n5_mid3_d1000_05_mr098_r10_113,EMCC,V3,V1,,100,50,1,41785.57324409485,668.4467792510986,True,1000,0.3215531011,0.5646456533000002,0.3365847032565935,0.45917298713096943,0.6145287979368946,0.10653840796725801,20
4,random_mc2_n5_mid3_d1000_05_mr098_r10_113,EMCC,V3,V1,,100,50,1,52102.51212120056,858.9990139007568,True,1000,0.3215531011,0.5646456533000002,0.3365847032565935,0.4268682206682409,1.0854855558993803,0.13859498550089414,25
5,random_mc2_n5_mid3_d1000_05_mr098_r10_113,EMCC,V3,V1,,100,50,1,62481.06098175049,1023.8966941833496,True,1000,0.3215531011,0.5646456533000002,0.3274357886069606,0.44607620330950604,0.7075530543439651,0.11871529169973359,30
6,random_mc2_n5_mid3_d1000_05_mr098_r10_113,EMCC,V3,V1,,100,50,1,73002.54607200623,1251.2056827545166,True,1000,0.3215531011,0.5646456533000002,0.3274357886069606,0.4268682206682409,0.9806872629227381,0.13790296209619105,35
7,random_mc2_n5_mid3_d1000_05_mr098_r10_113,EMCC,V3,V1,,100,50,1,83143.20039749146,896.493673324585,True,1000,0.3215531011,0.5646456533000002,0.3274357886069606,0.44607620330950604,0.7075530543439651,0.11871529169973359,40
