,modelname,method,cause,effect,tol,num_runs_param,max_iter_param,seed,tlearn,tinfer,remove_outliers,datasize,pns_low_exact,pns_upp_exact,pns_low,pns_upp,rrmse,rmse,nruns
0,random_mc2_n5_mid3_d1000_05_mr098_r10_113,EMCC,V3,V1,,100,25,1,7449.32222366333,212.89467811584473,True,1000,0.3215531011,0.5646456533000002,0.3360919748572677,0.4269740183464639,1.0771091631538545,0.13843719847248248,5
1,random_mc2_n5_mid3_d1000_05_mr098_r10_113,EMCC,V3,V1,,100,25,1,15024.129867553711,393.2008743286133,True,1000,0.3215531011,0.5646456533000002,0.3360919748572677,0.4269740183464639,1.0771091631538545,0.13843719847248248,10
2,random_mc2_n5_mid3_d1000_05_mr098_r10_113,EMCC,V3,V1,,100,25,1,22364.132404327393,588.7470245361328,True,1000,0.3215531011,0.5646456533000002,0.3360919748572677,0.45818240943815225,0.622322351050704,0.10745138967792396,15
3,random_mc2_n5_mid3_d1000_05_mr098_r10_113,EMCC,V3,V1,,100,25,1,29859.278917312622,790.2359962463379,True,1000,0.3215531011,0.5646456533000002,0.3360919748572677,0.45818240943815225,0.622322351050704,0.10745138967792396,20
4,random_mc2_n5_mid3_d1000_05_mr098_r10_113,EMCC,V3,V1,,100,25,1,37328.62734794617,984.29274559021,True,1000,0.3215531011,0.5646456533000002,0.3360919748572677,0.44545519390699145,0.7763586194921478,0.12007391248912573,25
5,random_mc2_n5_mid3_d1000_05_mr098_r10_113,EMCC,V3,V1,,100,25,1,44773.963928222656,1188.3320808410645,True,1000,0.3215531011,0.5646456533000002,0.3266767086963962,0.44545519390699145,0.7102146075917756,0.11930053212420431,30
6,random_mc2_n5_mid3_d1000_05_mr098_r10_113,EMCC,V3,V1,,100,25,1,52213.14334869385,1385.1745128631592,True,1000,0.3215531011,0.5646456533000002,0.3266767086963962,0.44545519390699145,0.7102146075917756,0.11930053212420431,35
7,random_mc2_n5_mid3_d1000_05_mr098_r10_113,EMCC,V3,V1,,100,25,1,59814.356088638306,1648.697853088379,True,1000,0.3215531011,0.5646456533000002,0.3266767086963962,0.44545519390699145,0.7102146075917756,0.11930053212420431,40
