,modelname,method,cause,effect,tol,num_runs_param,max_iter_param,seed,tlearn,tinfer,remove_outliers,datasize,pns_low_exact,pns_upp_exact,pns_low,pns_upp,rrmse,rmse,nruns
0,random_mc2_n5_mid3_d1000_05_mr098_r10_113,EMCC,V3,V1,,100,150,1,23299.532890319824,169.18611526489258,False,1000,0.3215531011,0.5646456533000002,0.3365850850330952,0.42686289850274683,1.0855959037795881,0.13860031767815278,5
1,random_mc2_n5_mid3_d1000_05_mr098_r10_113,EMCC,V3,V1,,100,150,1,47278.61928939819,344.70391273498535,False,1000,0.3215531011,0.5646456533000002,0.3365850850330952,0.42686289850274683,1.0855959037795881,0.13860031767815278,10
2,random_mc2_n5_mid3_d1000_05_mr098_r10_113,EMCC,V3,V1,,100,150,1,70089.21003341675,668.1606769561768,False,1000,0.3215531011,0.5646456533000002,0.3365850850330952,0.45921256084024104,0.6141067939740017,0.10649928416000244,15
3,random_mc2_n5_mid3_d1000_05_mr098_r10_113,EMCC,V3,V1,,100,150,1,90548.54345321655,542.7775382995605,False,1000,0.3215531011,0.5646456533000002,0.3365850850330952,0.45921256084024104,0.6141067939740017,0.10649928416000244,20
